timestamp,email utilisateur,id projet
2025-07-16 16:39:24,,fa675b11-c607-4196-a49a-ac5ec673339a
2025-07-16 16:48:24,,9fbf9d40-0db2-476a-a78a-8a1d84ecc696
2025-07-16 16:48:26,,2b28bb84-7131-439d-a07f-bb54df8eab55
2025-07-16 16:48:27,,f9dd435f-4bc1-40ab-bd5e-1bc88e43e646
2025-07-16 16:48:28,,fa675b11-c607-4196-a49a-ac5ec673339a
2025-07-16 16:48:29,,7e217d3c-3e32-480c-a0aa-7e2006a831d2
2025-07-16 16:49:03,,7e217d3c-3e32-480c-a0aa-7e2006a831d2
2025-07-16 16:49:04,,fa675b11-c607-4196-a49a-ac5ec673339a
2025-07-16 16:51:49,,7e217d3c-3e32-480c-a0aa-7e2006a831d2
2025-07-16 16:51:50,,7e217d3c-3e32-480c-a0aa-7e2006a831d2
2025-07-16 17:16:27,,91143377-b80e-479a-94eb-4f3e03c0d8d1
2025-07-16 17:16:29,,b6b2a8c3-03cf-42fe-b296-b4be4dedb75c
2025-07-16 18:27:25,,7e217d3c-3e32-480c-a0aa-7e2006a831d2
2025-07-16 18:27:26,,f9dd435f-4bc1-40ab-bd5e-1bc88e43e646
2025-07-16 18:27:26,,fa675b11-c607-4196-a49a-ac5ec673339a
2025-07-16 18:27:27,,2b28bb84-7131-439d-a07f-bb54df8eab55
2025-07-17 10:34:25,,7e217d3c-3e32-480c-a0aa-7e2006a831d2
2025-07-17 14:29:46,,cafa9786-5bc1-4521-b300-36e38b6f3901
2025-07-18 10:14:37,,ddcf6fc2-d476-4b94-b8c2-b32d594a1f95
2025-07-18 16:19:03,,7e217d3c-3e32-480c-a0aa-7e2006a831d2
2025-07-19 13:34:04,,77571d10-0a06-420d-9636-07ca3bf9db1e
2025-07-19 14:02:33,,77571d10-0a06-420d-9636-07ca3bf9db1e
2025-07-21 14:51:31,,596e2e19-9048-4648-b97e-9fde37fcc3a1
2025-07-24 15:51:11,test@test.com,5c5f150c-9fae-412f-880f-e465da30e5b5
2025-07-24 16:05:32,test@test.com,a5132809-145b-4dc2-8f7a-0dbba3b1179c
2025-07-24 16:12:00,test@test.com,903cbc71-88ff-41b4-b7bb-1d6d04705a90
2025-07-24 16:18:56,test@test.com,903cbc71-88ff-41b4-b7bb-1d6d04705a90
2025-07-24 16:29:18,test@test.com,a5132809-145b-4dc2-8f7a-0dbba3b1179c
2025-07-24 16:48:03,test@test.com,a5132809-145b-4dc2-8f7a-0dbba3b1179c
2025-07-24 16:57:44,test@test.com,903cbc71-88ff-41b4-b7bb-1d6d04705a90
2025-07-24 17:20:45,,b64f7716-8d3d-4f8b-9cbf-2a00c5dfdb71
2025-07-24 17:30:28,test@test.com,a5132809-145b-4dc2-8f7a-0dbba3b1179c
2025-07-24 17:43:46,test@test.com,903cbc71-88ff-41b4-b7bb-1d6d04705a90
2025-07-25 09:53:58,test@test.com,903cbc71-88ff-41b4-b7bb-1d6d04705a90
2025-07-25 10:20:54,test@test.com,5c7d4b13-9c7c-4a16-b0c1-8136f49d56e6
2025-07-25 13:41:10,test@test.com,7123a766-9413-4082-91e8-6497fbc4d56f
2025-07-25 14:52:11,test@test.com,5c7d4b13-9c7c-4a16-b0c1-8136f49d56e6
2025-07-25 14:58:33,test@test.com,5c7d4b13-9c7c-4a16-b0c1-8136f49d56e6
2025-07-25 14:59:30,test@test.com,5c7d4b13-9c7c-4a16-b0c1-8136f49d56e6
2025-07-25 15:04:03,test@test.com,5c7d4b13-9c7c-4a16-b0c1-8136f49d56e6
2025-07-25 15:07:38,test@test.com,5c7d4b13-9c7c-4a16-b0c1-8136f49d56e6
2025-07-25 15:13:56,test@test.com,5c7d4b13-9c7c-4a16-b0c1-8136f49d56e6
2025-07-25 15:18:34,test@test.com,5c7d4b13-9c7c-4a16-b0c1-8136f49d56e6
2025-07-25 15:20:21,test@test.com,5c7d4b13-9c7c-4a16-b0c1-8136f49d56e6
2025-07-25 15:22:01,test@test.com,5c7d4b13-9c7c-4a16-b0c1-8136f49d56e6
2025-07-25 16:08:38,test@test.com,cd59e3f0-db8a-4e95-ba10-666f45b143a5
2025-07-25 16:08:45,test@test.com,ac258124-c6a5-4951-be6f-f8ea6d9d683b
2025-07-25 16:41:54,test@test.com,29a34ce6-6b78-497e-b707-1f0c45d5cd2c
2025-07-25 16:44:42,test@test.com,29a34ce6-6b78-497e-b707-1f0c45d5cd2c
2025-07-25 17:38:38,test@test.com,c5fcbba9-d7fa-454f-aab8-feb94ac3eb3b
2025-07-25 17:39:53,test@test.com,c5fcbba9-d7fa-454f-aab8-feb94ac3eb3b
